MutationType	SBS1	SBS2	SBS3	SBS4	SBS5
A[C>A]A	0.01100	0.00018	0.02200	0.03700	0.01200
A[C>A]C	0.00900	0.00021	0.01700	0.05700	0.00900
A[C>A]G	0.00150	0.00002	0.00190	0.00410	0.00220
A[C>A]T	0.00620	0.00012	0.01300	0.03900	0.00780
C[C>A]A	0.00830	0.00006	0.02700	0.10500	0.00940
C[C>A]C	0.00720	0.00014	0.03800	0.11100	0.00690
C[C>A]G	0.00650	0.00003	0.00380	0.00820	0.00910
C[C>A]T	0.00740	0.00010	0.02800	0.13000	0.00800
G[C>A]A	0.00080	0.00002	0.00560	0.03800	0.00540
G[C>A]C	0.00080	0.00001	0.00410	0.04800	0.00410
G[C>A]G	0.00060	0.00001	0.00080	0.00360	0.00390
G[C>A]T	0.00090	0.00002	0.00550	0.04100	0.00530
T[C>A]A	0.01190	0.00014	0.01200	0.04300	0.00790
T[C>A]C	0.00810	0.00019	0.00820	0.04900	0.00730
T[C>A]G	0.00490	0.00022	0.00780	0.00250	0.00480
T[C>A]T	0.01200	0.00039	0.01300	0.04200	0.00990
A[C>G]A	0.00180	0.00008	0.00350	0.01200	0.00140
A[C>G]C	0.00240	0.00009	0.00230	0.00890	0.00170
A[C>G]G	0.00180	0.00001	0.00120	0.00220	0.00110
A[C>G]T	0.00370	0.00009	0.00250	0.00810	0.00260
C[C>G]A	0.00200	0.00012	0.00180	0.00390	0.00140
C[C>G]C	0.00150	0.00005	0.00170	0.00330	0.00120
C[C>G]G	0.00130	0.00001	0.00080	0.00160	0.00070
C[C>G]T	0.00200	0.00013	0.00220	0.00420	0.00160
G[C>G]A	0.00190	0.00006	0.00360	0.00860	0.00140
G[C>G]C	0.00230	0.00005	0.00280	0.00730	0.00120
G[C>G]G	0.00110	0.00002	0.00140	0.00230	0.00070
G[C>G]T	0.00290	0.00011	0.00340	0.00700	0.00180
T[C>G]A	0.00250	0.00064	0.00320	0.01000	0.00310
T[C>G]C	0.00190	0.00037	0.00180	0.00610	0.00170
T[C>G]G	0.00120	0.00003	0.00180	0.00340	0.00070
T[C>G]T	0.00400	0.00123	0.00280	0.00910	0.00380
A[C>T]A	0.00250	0.00178	0.00130	0.00690	0.00830
A[C>T]C	0.00610	0.00223	0.00160	0.00420	0.00610
A[C>T]G	0.02280	0.01894	0.00090	0.00090	0.01210
A[C>T]T	0.00940	0.00317	0.00120	0.00470	0.00900
C[C>T]A	0.00330	0.00093	0.00110	0.00580	0.00610
C[C>T]C	0.00720	0.00228	0.00130	0.00350	0.00580
C[C>T]G	0.01380	0.00945	0.00080	0.00120	0.00770
C[C>T]T	0.00800	0.00239	0.00140	0.00640	0.00750
G[C>T]A	0.00310	0.00258	0.00200	0.00450	0.00720
G[C>T]C	0.00440	0.00165	0.00270	0.00230	0.00560
G[C>T]G	0.01380	0.01262	0.00100	0.00060	0.00910
G[C>T]T	0.00590	0.00352	0.00240	0.00330	0.00750
T[C>T]A	0.00890	0.00563	0.00180	0.00640	0.01220
T[C>T]C	0.01190	0.00404	0.00210	0.00410	0.01000
T[C>T]G	0.00320	0.00307	0.00140	0.00100	0.00310
T[C>T]T	0.01550	0.00675	0.00210	0.00730	0.01480
A[T>A]A	0.00300	0.00014	0.00870	0.00210	0.00190
A[T>A]C	0.00210	0.00006	0.00550	0.00150	0.00120
A[T>A]G	0.00220	0.00009	0.00350	0.00120	0.00130
A[T>A]T	0.00170	0.00006	0.00490	0.00130	0.00100
C[T>A]A	0.00290	0.00021	0.00330	0.00220	0.00240
C[T>A]C	0.00140	0.00008	0.00230	0.00130	0.00110
C[T>A]G	0.00540	0.00035	0.00410	0.00120	0.00420
C[T>A]T	0.00190	0.00013	0.00270	0.00140	0.00140
G[T>A]A	0.00100	0.00003	0.00360	0.00070	0.00070
G[T>A]C	0.00080	0.00003	0.00250	0.00050	0.00050
G[T>A]G	0.00090	0.00003	0.00230	0.00050	0.00060
G[T>A]T	0.00090	0.00003	0.00200	0.00040	0.00050
T[T>A]A	0.00180	0.00006	0.00260	0.00100	0.00100
T[T>A]C	0.00160	0.00005	0.00210	0.00080	0.00090
T[T>A]G	0.00120	0.00006	0.00190	0.00070	0.00080
T[T>A]T	0.00140	0.00006	0.00310	0.00100	0.00100
A[T>C]A	0.00620	0.00060	0.00340	0.00180	0.00450
A[T>C]C	0.00300	0.00017	0.00300	0.00110	0.00160
A[T>C]G	0.00420	0.00031	0.00230	0.00060	0.00250
A[T>C]T	0.00570	0.00027	0.00450	0.00150	0.00310
C[T>C]A	0.00600	0.00040	0.00310	0.00090	0.00310
C[T>C]C	0.00270	0.00012	0.00330	0.00070	0.00140
C[T>C]G	0.00250	0.00017	0.00170	0.00030	0.00130
C[T>C]T	0.00390	0.00022	0.00330	0.00090	0.00210
G[T>C]A	0.00520	0.00032	0.00350	0.00140	0.00300
G[T>C]C	0.00250	0.00010	0.00280	0.00080	0.00120
G[T>C]G	0.00240	0.00010	0.00140	0.00040	0.00120
G[T>C]T	0.00440	0.00016	0.00290	0.00100	0.00200
T[T>C]A	0.00960	0.00058	0.00310	0.00130	0.00520
T[T>C]C	0.00390	0.00016	0.00250	0.00080	0.00190
T[T>C]G	0.00380	0.00015	0.00190	0.00050	0.00190
T[T>C]T	0.00570	0.00024	0.00290	0.00100	0.00300
A[T>G]A	0.00140	0.00005	0.00190	0.00040	0.00080
A[T>G]C	0.00190	0.00015	0.00090	0.00030	0.00100
A[T>G]G	0.00100	0.00003	0.00080	0.00020	0.00050
A[T>G]T	0.00170	0.00007	0.00120	0.00030	0.00090
C[T>G]A	0.00290	0.00024	0.00090	0.00050	0.00170
C[T>G]C	0.00330	0.00062	0.00080	0.00040	0.00190
C[T>G]G	0.00090	0.00003	0.00050	0.00010	0.00050
C[T>G]T	0.00430	0.00044	0.00090	0.00050	0.00240
G[T>G]A	0.00170	0.00013	0.00160	0.00040	0.00100
G[T>G]C	0.00290	0.00037	0.00110	0.00030	0.00150
G[T>G]G	0.00080	0.00002	0.00070	0.00020	0.00040
G[T>G]T	0.00270	0.00025	0.00120	0.00040	0.00140
T[T>G]A	0.00150	0.00017	0.00100	0.00040	0.00100
T[T>G]C	0.00110	0.00013	0.00080	0.00030	0.00070
T[T>G]G	0.00100	0.00007	0.00070	0.00020	0.00050
T[T>G]T	0.00190	0.00022	0.00090	0.00040	0.00120