MutationType	DBS1	DBS2	DBS3	DBS4	DBS5
AC>CA	0.00001	0.00286	0.00001	0.09318	0.00004
AC>CG	0.00002	0.00103	0.00002	0.01119	0.00035
AC>CT	0.00024	0.00643	0.00024	0.02709	0.00117
AC>GA	0.00022	0.02522	0.00022	0.00080	0.00000
AC>GG	0.00005	0.00366	0.00005	0.00031	0.00014
AC>GT	0.00017	0.01099	0.00017	0.00129	0.00000
AC>TA	0.00000	0.00186	0.00000	0.00147	0.00006
AC>TG	0.00025	0.00554	0.00025	0.00141	0.00000
AC>TT	0.00076	0.01212	0.00076	0.00331	0.00006
AT>CA	0.00141	0.00337	0.00141	0.00089	0.00136
AT>CC	0.00061	0.00166	0.00061	0.00009	0.00040
AT>CG	0.00002	0.00001	0.00002	0.00000	0.00145
AT>GA	0.00074	0.00429	0.00074	0.00044	0.00228
AT>GC	0.00038	0.00154	0.00038	0.00009	0.00159
AT>GG	0.00001	0.00000	0.00001	0.00000	0.00151
AT>TA	0.00108	0.00287	0.00108	0.00040	0.00196
AT>TC	0.00121	0.00196	0.00121	0.00018	0.00183
AT>TG	0.00004	0.00002	0.00004	0.00000	0.00155
CC>AA	0.00008	0.02095	0.00008	0.00009	0.00126
CC>AG	0.00004	0.00520	0.00004	0.00004	0.00157
CC>AT	0.00004	0.00569	0.00004	0.00004	0.00146
CC>GA	0.00005	0.00421	0.00005	0.00000	0.00148
CC>GG	0.00005	0.00147	0.00005	0.00000	0.00199
CC>GT	0.00006	0.00193	0.00006	0.00000	0.00193
CC>TA	0.00002	0.00457	0.00002	0.00000	0.00111
CC>TG	0.00003	0.00372	0.00003	0.00000	0.00128
CC>TT	0.00086	0.03687	0.00086	0.00080	0.05580
CG>AT	0.00054	0.00001	0.00054	0.00004	0.00001
CG>GC	0.00007	0.00000	0.00007	0.00000	0.00013
CG>GT	0.00071	0.00000	0.00071	0.00009	0.00045
CG>TA	0.00001	0.00001	0.00001	0.00000	0.00000
CG>TC	0.00001	0.00000	0.00001	0.00000	0.00018
CG>TT	0.00001	0.00003	0.00001	0.00000	0.00094
CT>AA	0.00076	0.05259	0.00076	0.00058	0.00179
CT>AC	0.00101	0.02274	0.00101	0.00049	0.03039
CT>AG	0.00019	0.01193	0.00019	0.00027	0.00224
CT>GA	0.00030	0.01101	0.00030	0.00013	0.00179
CT>GC	0.00090	0.00795	0.00090	0.00009	0.02303
CT>GG	0.00020	0.00397	0.00020	0.00004	0.00289
CT>TA	0.00168	0.01519	0.00168	0.00076	0.00196
CT>TC	0.00184	0.00928	0.00184	0.00053	0.00949
CT>TG	0.00188	0.01107	0.00188	0.00080	0.00268
GC>AA	0.00061	0.01663	0.00061	0.00022	0.00067
GC>AG	0.00030	0.00482	0.00030	0.00009	0.00118
GC>AT	0.00011	0.00342	0.00011	0.00004	0.00018
GC>CA	0.00002	0.00160	0.00002	0.00000	0.00088
GC>CG	0.00003	0.00091	0.00003	0.00000	0.00018
GC>CT	0.00019	0.00405	0.00019	0.00009	0.00006
GC>TA	0.00003	0.00382	0.00003	0.00000	0.00104
GC>TG	0.00020	0.00322	0.00020	0.00004	0.00006
GC>TT	0.00026	0.01217	0.00026	0.00018	0.00000
TA>AT	0.00128	0.00094	0.00128	0.00018	0.00172
TA>CG	0.00001	0.00000	0.00001	0.00000	0.00169
TA>CT	0.00187	0.00095	0.00187	0.00009	0.00140
TA>GC	0.00075	0.00048	0.00075	0.00009	0.00231
TA>GG	0.00002	0.00001	0.00002	0.00000	0.00149
TA>GT	0.00058	0.00037	0.00058	0.00004	0.00195
TC>AA	0.00189	0.01417	0.00189	0.00036	0.00065
TC>AG	0.00123	0.00626	0.00123	0.00009	0.00035
TC>AT	0.00089	0.00635	0.00089	0.00009	0.00022
TC>CA	0.00105	0.00578	0.00105	0.00009	0.00004
TC>CG	0.00039	0.00174	0.00039	0.00004	0.00022
TC>CT	0.00171	0.00952	0.00171	0.00018	0.00026
TC>GA	0.00108	0.00593	0.00108	0.00004	0.00035
TC>GG	0.00062	0.00221	0.00062	0.00004	0.00009
TC>GT	0.00116	0.00732	0.00116	0.00009	0.00022
TG>AA	0.00019	0.00380	0.00019	0.00022	0.00206
TG>AC	0.00025	0.00212	0.00025	0.00004	0.00141
TG>AT	0.00017	0.00177	0.00017	0.00004	0.00267
TG>CA	0.00059	0.00474	0.00059	0.00009	0.00013
TG>CC	0.00027	0.00132	0.00027	0.00004	0.00026
TG>CT	0.00034	0.00282	0.00034	0.00009	0.00048
TG>GA	0.00044	0.00463	0.00044	0.00004	0.00083
TG>GC	0.00034	0.00158	0.00034	0.00004	0.00035
TG>GT	0.00040	0.00253	0.00040	0.00004	0.00039
TT>AA	0.00108	0.00528	0.00108	0.00013	0.00169
TT>AC	0.00089	0.00362	0.00089	0.00009	0.00110
TT>AG	0.00016	0.00089	0.00016	0.00004	0.00031
TT>CA	0.00126	0.00655	0.00126	0.00022	0.00035
TT>CC	0.00086	0.00269	0.00086	0.00009	0.00013
TT>CG	0.00002	0.00009	0.00002	0.00000	0.00013
TT>GA	0.00125	0.00627	0.00125	0.00013	0.00048
TT>GC	0.00098	0.00309	0.00098	0.00009	0.00018
TT>GG	0.00004	0.00014	0.00004	0.00000	0.00004